,Tên sản phẩm,Giá
0,Lò sưởi dầu Tiross TS926 13 thanh,"₫2,200,000"
1,Quạt sưởi điều hòa Morley- Công nghệ sưởi fan heater an toàn- có cả chế độ quạt mùa hè-Hàng công nghệ Đức- Quạt sưởi/ Lò sưởi,"₫3,235,000"
2,"Quạt Sưởi, Máy sưởi ấm có chế độ hẹn giờ Handy Heater 400w cao cấp, Lo suoi mua dong, Đèn sưởi trong phòng ngủ, Quạt sưởi ấm, quạt sưởi mini, máy sưởi mini","₫519,893"
3,"Quạt suoi am, mua lò sưởi điện - Đèn sưởi ấm SUNHOUSE cho trẻ-gia đình sử dụng đa năng, tiện dụng, Thiết kế thông minh, Sản phẩm được ưa chuộng hiện nay 2018005","₫1,300,000"
4,Lò sưởi dầu 11 thanh TIROSS TS920 + Giá phơi quần áo,"₫199,000"
5,Lò sưởi - Lò sưởi 5 chiều - Máy sưởi 5 chiều cao cấp RE0353,"₫299,000"
6,【COD】3 cái AC 220 v 800 wát Lò Lò Sưởi Ấm Dây Kháng Lực-quốc tế,"₫345,000"
7,Lò sưởi Dầu 7 Thanh Taurus DAKAR1500,"₫680,000"
8,"Đèn sưởi ấm, mua lò sưởi điện, Máy sưởi treo tường, máy sưởi cho trẻ sơ sinh , - Máy sưởi gia đình 2 bóng với chế độ làm nóng nhanh, quay tản nhiệt đều, Sử dụng an toàn, tiện dụng, Sản phẩm được yêu thích hiện nay TT2018004","₫2,050,000"
9,Máy sưởi Changhong công nghệ PTC thế hệ mới- quạt sưởi điều hòa- lò sưởi- máy sưởi PTC-Bảo hành 1 năm- có cả chế độ quạt gió dùng cho mùa hè,"₫2,590,000"
10,Lò sưởi Dầu 11 Thanh CAMPOMATIC OFR11B BLack,"₫693,000"
11,5V Portable Mini USB Hand Warmer Rechargeable Winter Hand Heating Stove,"₫1,210,000"
12,Lò sưởi Nova FG_ 10 bảo hành 1 năm,"₫27,000"
13,Lò sưởi dầu Tiross TS926 13 thanh,"₫48,600"
14,Home 3 Modes Bedroom PTC Air Warmer Winter Desk Fireplace 3D Simulation Flame Smart Radiator Electric Heater,"₫890,000"
15,【COD】2 cái AC 220 v 1500 wát Lò Lò Làm Nóng Cuộn Dây Kháng Lực-quốc tế,"₫1,390,000"
16,Quạt sưởi điều hòa Royalstar thế hệ mới- Công nghệ sưởi PTC an toàn tuyệt đối- Thiết kế sang trọng- Bảo hành 1 năm- thiết bị sưởi ấm- máy sưởi- lò sưởi,"₫419,000"
17,Lò sưởi 5 chiều - máy sưởi cao cấp - đèn sưởi,"₫820,000"
18,1000W Energy-saving Electric Warmer Machine Winter Stove Radiator Hot Air Blower for Home Office,"₫598,081"
19,Desktop Warmer Machine Automatic Temperature Control Winter Stove Radiator Hot Air Blower for Office,"₫1,350,000"
20,"Lò Sưởi Mini, Máy Sưởi 2 Chiều 3 Chế Độ Công Suất Lớn 1500W, Làm Nóng Đều Không Khí, Hoạt Động Êm Nhẹ, Không Gây Ồn, Bảo Hành Uy Tín Bỏi Canal Store","₫1,350,000"
21,3D PTC Desk Fireplace 3 Modes Smart Air Warmer Home Simulation Flame Winter Radiator Bedroom Electric Heater,"₫1,850,000"
22,"Đèn sưởi ấm, mua lò sưởi điện - Máy sưởi cho bé , sử dụng đa năng, Sản phẩm được ưa chuộng hiện nay 2018005","₫88,985"
23,RE0353 Máy sưởi 5 chiều có thể nướng đồ - Đèn sưởi - Quạt sưởi - Máy sưởi điện - Lò sưởi cao cấp,"₫190,000"
24,Lò Sưởi Dầu 15 Thanh Có Điều Khiển Tiross TS9215,"₫550,000"
25,Quạt sưởi Changhong công nghệ PTC thế hệ mới- quạt sưởi điều hòa- lò sưởi- máy sưởi PTC- Bảo hành 1 năm,"₫2,200,000"
26,Máy sưởi điều hòa Changhong công nghệ PTC phiên bản 2020 chống quá nhiệt- quạt sưởi điều hòa- lò sưởi- máy sưởi PTC-Bảo hành 1 năm- có cả chế độ quạt gió dùng cho mùa hè,"₫3,190,000"
27,Lò Sưởi Dầu TS923,"₫751,000"
28,1000W Electric Mini Fireplace Heater Flame Instant Heating With Overheating Power Off Protection Living Room,"₫1,352,000"
29,Winter 3 Modes Radiator Simulation Flame Fireplace Air Warmer Desk 3D Home PTC Smart Bedroom Electric Heater,"₫49,000"
30,"22%,Remote Electric Handy Heater 10A 220V 500W Fast Heating Mini Desktop Wall Stove Radiator Warmer Machine","₫88,200"
31,"Máy sưởi ấm, lò sưởi, bóng sưởi hồng ngoại,Đèn sưởi halogen, giá quat suoi dien - Máy sưởi gia đình 2 bóng với chế độ làm nóng nhanh, quay tản nhiệt đều, Sử dụng an toàn, tiện dụng, Sản phẩm được yêu thích hiện nay TT2018004","₫850,000"
32,"Đèn sưởi ấm, mua lò sưởi điện,Máy sưởi ấm mùa đông,Máy sưởi ấm cho trẻ sơ sinh, gia may suoi am - Máy sưởi ấm bảo vệ sức khỏe cho gia đình vào mùa đông giá lạnh, sử dụng đa năng, Sản phẩm được ưa chuộng hiện nay","₫1,700,000"
33,Desk Radiator Bedroom Winter 3 Modes Simulation Flame Home PTC Fireplace 3D Smart Air Warmer Electric Heater,"₫627,000"
34,Home Desk Bedroom 3D Winter Fireplace Simulation Flame PTC Radiator Air Warmer Smart 3 Modes Electric Heater,"₫900,000"
35,Bedroom Home Radiator 3D 3 Modes Smart Simulation Flame PTC Winter Desk Air Warmer Fireplace Electric Heater,"₫357,000"
36,MÁY SƯỞI ĐIỆN XIAOMI ZHIMI 1S DNQ04ZM (LÒ SƯỞI ĐIỆN),"₫650,000"
37,"⭐ Buy one, get one free ⭐ The heater for the incubator, brooder. Voltage 12V200W -","₫232,000"
38,Lò sưởi dầu Tiross TS925 9 thanh,"₫422,000"
39,Winter Simulation Flame 3D Fireplace Bedroom 3 Modes Radiator Home Smart PTC Air Warmer Desk Electric Heater,"₫319,304"
