,Tên sản phẩm,Giá,Trang
0,"Quạt suoi am, mua lò sưởi điện - Đèn sưởi ấm SUNHOUSE cho trẻ-gia đình sử dụng đa năng, tiện dụng, Thiết kế thông minh, Sản phẩm được ưa chuộng hiện nay 2018005",0.345,Lazada
1,"Đèn sưởi ấm, mua lò sưởi điện, Máy sưởi treo tường, máy sưởi cho trẻ sơ sinh , - Máy sưởi gia đình 2 bóng với chế độ làm nóng nhanh, quay tản nhiệt đều, Sử dụng an toàn, tiện dụng, Sản phẩm được yêu thích hiện nay TT2018004",0.68,Lazada
2,RE0353 Máy sưởi 5 chiều có thể nướng đồ - Đèn sưởi - Quạt sưởi - Máy sưởi điện - Lò sưởi cao cấp,0.419,Lazada
3,"Đèn sưởi ấm, mua lò sưởi điện - Máy sưởi cho bé , sử dụng đa năng, Sản phẩm được ưa chuộng hiện nay 2018005",0.82,Lazada
4,"Đèn sưởi ấm, mua lò sưởi điện,Máy sưởi ấm mùa đông,Máy sưởi ấm cho trẻ sơ sinh, gia may suoi am - Máy sưởi ấm bảo vệ sức khỏe cho gia đình vào mùa đông giá lạnh, sử dụng đa năng, Sản phẩm được ưa chuộng hiện nay",0.689,Lazada
5,1000W Electric Mini Fireplace Heater Flame Instant Heating With Overheating Power Off Protection Living Room,1.2,Lazada
6,3D PTC Desk Fireplace 3 Modes Smart Air Warmer Home Simulation Flame Winter Radiator Bedroom Electric Heater,0.419,Lazada
7,Home 3 Modes Bedroom PTC Air Warmer Winter Desk Fireplace 3D Simulation Flame Smart Radiator Electric Heater,0.7,Lazada
8,re0352 - Lò sưởi điện 5 mặt có khay nướng đồ - Lò nướng điện - Máy sưởi - Quạt sưởi,0.395,Lazada
9,Mini 900W Winter EU Plug Bedroom Home Heaters Electric Heater Furnace Air Heater Warm Fan,0.735,Lazada
10,Simulation Flame Winter Air Warmer Fireplace Home 3D 3 Modes PTC Smart Bedroom Radiator Desk Electric Heater,0.282,Lazada
11,Low Noise PTC Ceramic Heater Stove Radiator Electric Winter Warmer Machine,0.507,Lazada
12,Home Desk Bedroom 3D Winter Fireplace Simulation Flame PTC Radiator Air Warmer Smart 3 Modes Electric Heater,0.655,Lazada
13,Desk Radiator Bedroom Winter 3 Modes Simulation Flame Home PTC Fireplace 3D Smart Air Warmer Electric Heater,1.179,Lazada
14,900W Portable Appliances Bedroom Winter EU Plug Air Heater Electric Heater Furnace Warm Fan,0.751,Lazada
15,3D Desk Air Warmer PTC Winter Fireplace 3 Modes Radiator Simulation Flame Bedroom Smart Home Electric Heater,1.352,Lazada
16,Winter Portable Electric Warmer Personal Space PTC Ceramic Heater Stove Radiator Home Appliances,0.627,Lazada
17,Winter 900W Mini Space Fan Heater Portable Electric Wall-outlet Furnace Warmer - Apricot,0.9,Lazada
18,220V 1000W Mini Portable Electric Heater Fan Fireplace Flame Display Timer Remote Control Household Winter Heating Machine -,0.127,Lazada
19,"The heater for the incubator, brooder. Voltage 12V200W -",0.216,Lazada
20,Bedroom Home Radiator 3D 3 Modes Smart Simulation Flame PTC Winter Desk Air Warmer Fireplace Electric Heater,0.689,Lazada
21,Winter 3 Modes Radiator Simulation Flame Fireplace Air Warmer Desk 3D Home PTC Smart Bedroom Electric Heater,1.239,Lazada
22,600w Mini Portable Electric Heater Desktop Heating Warm Air Fan Home Office Wall Handy Air Heater Bathroom Radiator Warmer Fan,0.422,Lazada
23,"⭐ Buy one, get one free ⭐ The heater for the incubator, brooder. Voltage 12V200W -",0.768,Lazada
24,MÁY SƯỞI ĐIỆN XIAOMI ZHIMI 1S DNQ04ZM (LÒ SƯỞI ĐIỆN),0.773,Lazada
25,1000W Electric Fireplace Heater 3 Adjustable Heat Settings Remote Control Flame Effect NEW Best Gift For Family,1.392,Lazada
26,Winter Simulation Flame 3D Fireplace Bedroom 3 Modes Radiator Home Smart PTC Air Warmer Desk Electric Heater,0.768,Lazada
27,900W Home/Office Home Heaters EU Plug Winter Appliances Air Heater Furnace Electric Heater Warm Fan,1.382,Lazada
28,220V 500W Powered Portable Electric Air Space Heater Fireplace Flame Timer Fan Blower Fast Heated Thermostat -,0.157,Lazada
29,900W Home/Office Bedroom Winter Appliances EU Plug Electric Heater Warm Fan Air Heater Furnace,0.267,Lazada
30,1000W Electric Fireplace Heater 3 Adjustable Heat Settings Remote Control Flame Effect NEW Best Gift For Family,0.687,Lazada
31,Portable 900W Mini Electric Heater Heating Hot Fan Fireplace Home Office Warmer,1.236,Lazada
32,Bedroom Winter Simulation Flame Air Warmer Home Fireplace Desk 3 Modes Smart Radiator PTC 3D Electric Heater,0.192,Lazada
33,Mini Home/Office EU Plug Winter Home Heaters Appliances Air Heater Furnace Electric Heater Warm Fan,0.35,Lazada
34,Multi-Function Electric Stove Heating Plate Electric Furnace (Silver Gray 220-230V EU Plug),0.373,Lazada
35,900W Portable Winter Appliances Home Heaters EU Plug Warm Fan Air Heater Furnace Electric Heater,0.745999,Lazada
36,Charcoal Burner 500W Electric Stove Hot Plate Iron Burner Travel Portable Cooking Appliances Coffee Heater Chicha EU PlugSmall electric furnace for heat preservation and heating,0.426,Lazada
37,Charcoal Burner 500W Electric Stove Hot Plate Iron Burner Travel Portable Cooking Appliances Coffee Heater Chicha EU PlugSmall electric furnace for heat preservation and heating,0.851999,Lazada
38,Low Noise PTC Ceramic Heater Stove Radiator Electric Winter Warmer Machine,0.221,Lazada
39,Mini Home/Office Winter EU Plug Bedroom Home Heaters Air Heater Warm Fan Furnace Electric Heater,0.441999,Lazada
